Market_Sentiment,Interest_Rate,Inflation_Rate,Trading_Volume,P_E_Ratio,E_P_Ratio,Variance,Volatility,Stock_Returns,Analyst_Recom
-0.250919762,7.585293712,2.110797573,2963,7.269875807,0.137553932,4.982577612,2.232168814,4.432308361,0
0.901428613,6.288770931,4.251405684,1277,25.29943256,0.039526578,2.393403628,1.547062904,9.100467035,0
0.463987884,4.47622093,6.237675015,4860,24.65196058,0.040564725,4.343463071,2.084097663,18.35973023,1
0.197316968,8.510360158,5.393349318,111,24.6231033,0.040612265,6.059630093,2.461631592,6.256581475,0
-0.687962719,7.47784938,5.839366887,5352,26.12206833,0.038281808,0.627538142,0.792173051,22.04149151,1
-0.688010959,3.300935515,4.9527002,4499,28.6763778,0.034871908,5.79232602,2.406725165,16.66896074,0
-0.883832776,9.287417476,5.153659387,8334,33.17461499,0.03014353,1.070721113,1.034756548,25.65666265,1
0.732352292,8.580297943,6.095173909,9235,14.4437252,0.069234217,1.051093624,1.025228571,23.84131257,1
0.202230023,9.598399306,2.498008053,5545,33.87672936,0.029518788,0.840758883,0.91692905,21.74969095,1
0.416145156,7.805756067,3.936549782,6670,22.43894888,0.044565367,1.958259508,1.399378258,20.22223894,1
-0.958831011,6.907321567,2.327256651,9296,7.69703977,0.129920077,0.22085122,0.469948104,13.08564212,0
0.939819704,5.34594429,6.926008048,8312,7.049282524,0.141858409,2.041776829,1.428907565,23.85906099,1
0.664885282,9.461827867,6.664356038,506,16.69834115,0.059886188,1.960256348,1.40009155,9.427166884,0
-0.575321779,8.928511116,1.236560868,9306,32.4713942,0.030796337,3.719360453,1.92856435,24.14918688,1
-0.636350066,2.361749361,5.233451035,4531,29.76883272,0.03359218,4.413192194,2.100759909,17.93150507,1
-0.63319098,2.210935796,6.551489904,5343,32.60152376,0.030673413,1.338786087,1.157059241,21.73628834,1
-0.391515514,5.011706935,2.083452071,6642,23.10441698,0.043281767,0.681615027,0.825599798,14.24256138,0
0.049512863,8.484426646,4.407671383,7036,20.40696493,0.049002877,0.521867183,0.722403754,20.53654805,1
-0.136109963,9.898209035,6.492929786,9006,10.16083843,0.098417075,0.321599243,0.567097208,22.9429345,1
-0.41754172,3.203335129,1.203675872,4246,16.48674638,0.060654782,0.056812723,0.238354197,14.70970307,0
0.223705789,6.753045723,5.184521603,240,20.19067782,0.049527807,0.849853791,0.921875149,9.786878305,0
-0.721012279,5.047126853,2.784094044,4982,8.101015039,0.123441321,0.560393667,0.748594461,9.099470109,0
-0.415710703,9.759315183,6.546377172,6112,12.72141834,0.078607587,5.853504712,2.419401726,13.75900427,0
-0.267276313,8.736951385,6.826349471,1063,25.93788529,0.038553644,2.069285653,1.438501183,11.76325034,0
-0.087860032,8.706629638,6.665598935,7251,30.748209,0.032522219,0.871356708,0.933464894,24.80467092,1
0.570351923,5.749545278,3.8452853,8664,39.9421629,0.025036201,2.229414031,1.493122242,33.58432808,1
-0.600652436,5.318556019,6.172255906,3710,37.6589666,0.026554101,0.188418573,0.434072083,21.02009359,1
0.028468877,4.187256575,6.067296391,9984,27.48978198,0.036377153,1.358868143,1.165704998,32.55816672,1
0.184829138,2.451003973,2.914602839,6994,19.74368187,0.050649114,2.569488364,1.602962371,17.74198241,1
-0.907099175,8.91777901,5.973492845,7411,27.26620776,0.036675434,1.621432437,1.273354796,18.33595714,1
0.215089704,8.503208073,1.222045808,205,32.49780663,0.030771307,1.132668763,1.064269122,10.76830023,0
-0.658951753,9.997741386,4.577619271,5639,9.141766682,0.109388047,6.176398639,2.485236133,8.525724116,0
-0.869896814,9.973094697,2.380053024,9973,19.34667114,0.051688479,4.896286589,2.212755429,18.83418531,1
0.897771075,6.443453645,1.723401315,6887,34.39308,0.029075616,2.547772395,1.5961743,25.36512849,1
0.931264066,8.151899321,1.46171921,2237,18.43415332,0.054247135,2.150638871,1.466505667,4.019319037,0
0.616794696,9.558125839,5.177732655,4545,25.01552949,0.039975168,2.526780954,1.589585152,16.98079691,0
-0.390772462,8.797179125,3.039249783,3630,25.57192763,0.039105382,0.340062825,0.583149059,14.09133215,0
-0.804655772,3.978784814,5.348600629,1386,11.45666886,0.087285407,1.098997013,1.048330584,4.064060661,0
0.368466053,5.604353082,1.392138045,7152,17.67824046,0.056566716,0.037909211,0.194702879,18.97783409,1
-0.119695013,3.033275321,2.891742027,3754,16.70789511,0.059851944,1.540851733,1.24131049,15.03504876,0
-0.75592353,9.632408218,4.236947754,7202,5.916884799,0.169007854,1.969135825,1.403259001,10.14924144,0
-0.00964618,6.849397076,5.744338989,2459,5.846711736,0.17103631,0.418090741,0.646599367,8.014910415,0
-0.931222958,3.829142444,2.912515018,8205,34.10939653,0.029317435,5.825799167,2.413669233,24.39645499,1
0.818640804,7.373605475,4.755348259,8736,14.55747835,0.068693216,5.210678504,2.282691066,19.30013334,1
-0.482440037,6.945025924,6.315866489,6541,23.13275682,0.043228743,3.360416064,1.833143765,19.18809016,1
0.325044569,4.865301744,4.695179129,5147,15.45539508,0.064702325,1.904753045,1.380127909,18.65381734,1
-0.376577848,2.908460738,2.397756849,8327,37.92377358,0.026368684,4.787020108,2.187925983,30.4203454,1
0.040136042,7.372585565,1.146404689,5303,14.07538656,0.071046006,0.171036526,0.413565625,12.84013526,0
0.093420559,6.162461607,6.220593243,9767,20.03798845,0.049905209,3.988901734,1.997223506,25.25436674,1
-0.630291089,8.178547134,1.127616465,1898,35.54555877,0.02813291,0.159656148,0.399569954,12.67507807,0
0.939169256,6.161308009,6.248210036,9700,34.46767484,0.029012691,4.024459639,2.00610559,34.39755464,1
0.550265647,8.817452003,4.173622804,5391,11.51354962,0.086854188,0.580403483,0.761842164,17.21822084,1
0.878997883,6.41525471,6.634406191,5595,33.09251584,0.030218313,4.86210171,2.205017394,22.76107942,1
0.789654701,6.487503772,5.792699415,6384,21.03654104,0.047536332,5.596541341,2.365701025,19.65083994,1
0.195799958,9.013228821,6.987604663,7385,21.90391052,0.045653948,0.208949851,0.457110327,22.0539301,1
0.84374847,5.22786293,3.104270893,1400,9.671799035,0.103393381,1.465120092,1.210421452,4.624417597,0
-0.823014996,3.072121828,5.603129734,6969,7.821052981,0.127860021,6.023930662,2.454369708,13.38822769,0
-0.608034275,2.230261411,3.411585482,9535,30.47787574,0.032810686,1.588048204,1.260177846,30.15054514,1
-0.909545422,8.041098045,3.879253722,3197,22.37614033,0.04469046,4.719817315,2.172514054,6.054862326,0
-0.349339338,6.962476411,4.765032779,4716,20.28977459,0.04928591,2.289034808,1.512955653,15.34895811,0
-0.222645421,7.632638145,6.242062685,109,30.532788,0.032751677,1.001584185,1.000791779,13.16208377,0
-0.457301936,3.703713292,6.904500815,5852,31.79295146,0.031453513,0.617608213,0.785880533,29.01866971,1
0.657475018,3.090971805,5.609640483,9952,10.56178587,0.094680958,0.345432922,0.587735419,28.00738875,1
-0.286493347,2.116357325,3.506600693,6395,26.35788023,0.037939318,3.718401282,1.928315659,19.08461357,1
-0.438130981,4.80470047,3.528142014,4915,9.73739288,0.102696894,1.056161569,1.027697216,8.77038929,0
0.085392166,6.719341495,5.42549381,1172,31.29812801,0.031950793,1.761091188,1.327061109,11.24244339,0
-0.71815155,5.137952361,2.432662875,3325,27.99343047,0.035722667,1.642450249,1.281581152,15.00647076,0
0.604393962,5.499799376,1.662844679,1416,38.48151174,0.025986505,2.206620141,1.48546967,12.61703261,0
-0.850898713,9.233269556,3.127732946,5799,7.413530572,0.134888497,4.741006089,2.177385149,7.976994342,0
0.973773873,4.786043736,2.72343395,6907,6.99691524,0.142920125,6.021008927,2.453774425,12.6753821,0
0.544489539,6.111915913,2.777848723,6774,14.87654761,0.067219897,1.16251977,1.078202101,16.77159209,0
-0.602568637,8.269224102,2.401646506,3783,14.15969893,0.070622971,4.351585465,2.086045413,4.733677079,0
-0.988955766,5.172342259,1.252559138,7327,13.64425797,0.073290904,3.743709175,1.934866707,10.28366956,0
0.630922857,6.976693602,1.107243608,3373,36.71891032,0.027233924,2.179962136,1.476469483,19.63480133,1
0.413714688,8.89890967,6.926334338,7100,13.73411699,0.072811379,5.7336932,2.394513145,20.86406511,1
0.458014336,9.596164989,3.566638802,245,14.51824041,0.06887887,0.337722348,0.581138837,3.249425732,0
0.542540693,3.176587847,3.305959883,5110,31.57893918,0.031666675,0.131213547,0.362234105,23.94672785,1
-0.851910697,9.412701001,5.077883696,3140,20.74089449,0.048213928,4.62038774,2.149508721,6.750923105,0
-0.283068543,5.936930345,2.309523327,9754,32.18486949,0.0310705,1.331622666,1.15395956,29.18609007,1
-0.768261881,4.065955106,6.699767104,9876,7.287815515,0.137215329,4.548516992,2.13272525,19.11675763,1
0.726206852,5.67308605,5.718070086,582,22.06499178,0.04532066,5.032917559,2.243416492,12.19421215,0
0.246596254,9.840260602,1.536466014,3279,6.176476006,0.16190462,0.062449123,0.249898225,7.870873057,0
-0.33820395,5.940944752,3.505484655,1349,7.192862121,0.139026716,4.929800614,2.220315431,-2.417107224,0
-0.872883299,4.630012882,6.274709845,730,36.72531087,0.027229177,1.382895405,1.175965733,14.92624075,0
-0.378035357,7.067206835,6.668392134,8953,9.873587989,0.101280305,1.755725632,1.325037974,22.91304194,1
-0.349633356,3.92116495,3.804409067,2952,23.63472388,0.042310628,2.572245093,1.603822027,11.19472832,0
0.459212357,2.606906625,4.680468335,1087,19.38834609,0.051577375,5.397807719,2.323318256,8.512730606,0
0.275114943,3.031037775,2.002203677,7722,17.15701642,0.058285192,0.021280574,0.145878627,21.8705642,1
0.774425485,3.024366712,6.947011757,7427,36.4941671,0.027401639,1.548591898,1.244424324,32.31736947,1
-0.05557015,3.215221548,2.390030208,9838,5.763818887,0.173496083,3.06436544,1.750532902,15.28126159,0
-0.760811508,3.110617381,6.656390645,8941,28.23263902,0.035419997,3.365378137,1.834496698,24.33680161,1
0.426489574,7.126997958,4.897879894,9260,38.7188052,0.025827243,3.104918299,1.762077836,32.2725875,1
0.521570097,3.455040675,4.646420769,1200,24.60588642,0.040640682,0.178628213,0.422644311,17.97858847,1
0.122554395,4.765338267,4.076131066,6752,37.78878617,0.026462877,0.67002314,0.818549412,27.00159292,1
0.54193436,9.174307279,2.38401887,8732,6.829025775,0.146433772,0.923361982,0.960917261,15.93412572,0
-0.012408807,5.791693122,2.059168192,7521,19.65776617,0.05087048,4.123536573,2.030649298,20.96111158,1
0.045465659,7.340461908,2.322917254,5116,14.10552268,0.070894218,0.591397442,0.769023694,10.44414659,0
-0.144917963,3.37855897,2.118629573,869,30.57873377,0.032702466,0.366862694,0.605691913,9.006493641,0
-0.949161747,3.53831215,5.677506841,1443,39.34539817,0.025415933,5.749805694,2.397875246,12.09674206,0
-0.784217146,2.32694893,3.100751555,4458,13.97855219,0.071538167,0.01470687,0.121271884,11.90378349,0
-0.937141629,3.351480505,1.347056059,9869,27.89611105,0.035847291,6.223877621,2.494770054,19.00247785,1
0.272820823,4.228722712,6.814615781,6880,11.93341715,0.083798294,2.97345575,1.724371117,18.98433495,1
-0.371288038,3.416083874,6.30271531,6702,24.78655891,0.040344447,4.361106813,2.088326319,23.25912982,1
0.017141382,2.70962027,6.566513699,2449,21.23763703,0.047086218,0.651388701,0.807086551,13.15679714,0
0.815132948,2.965086969,6.969446936,5799,39.02018654,0.025627761,0.018051714,0.134356666,33.65093063,1
-0.501415542,5.686230144,2.043371495,1341,26.29845454,0.038025048,3.500217585,1.870886845,7.538814979,0
-0.179234154,3.650669747,3.377452113,1225,17.23272302,0.058029134,4.418181329,2.101947033,5.311350948,0
0.511102277,4.914158888,5.549430854,9482,8.993352471,0.11119324,3.523664779,1.877142717,22.6942128,1
-0.542403669,6.027338167,5.176123708,6864,10.29363901,0.097147374,0.196107876,0.44284069,16.85444762,0
-0.84604018,7.523158629,1.923375438,5201,12.88609255,0.077603043,3.641330335,1.908227013,5.353527574,0
-0.420497094,2.314497119,5.89499875,7943,13.78383315,0.07254876,3.784638266,1.945414677,22.80312821,1
-0.677557425,8.395283191,2.346643431,172,34.77156202,0.028759134,2.824070966,1.680497238,9.034144875,0
0.859395305,7.023203116,2.342905689,5572,24.64279759,0.040579808,3.758473313,1.938678239,20.44449426,1
0.616240759,2.654072256,4.221846537,5289,23.3186819,0.042884071,4.537800844,2.130211455,21.57156471,1
0.266807513,8.988628993,4.557639609,2572,9.016910515,0.110902731,2.473227627,1.572649874,2.407725249,0
0.74292118,9.366979204,4.480517247,807,35.10488927,0.028486061,0.097750844,0.312651314,18.01246557,1
0.607344154,2.488623679,1.548921024,1904,30.29850061,0.033004934,1.613679222,1.270306743,16.51484706,0
-0.626859882,4.215021185,6.264765176,6804,7.368392667,0.135714809,0.082001135,0.286358403,13.93331493,0
0.785117997,8.449610238,2.593600256,3813,29.7742284,0.033586093,1.16230667,1.078103274,17.15509318,0
0.078684484,7.986077523,1.777089528,5151,24.02383761,0.041625323,1.160048709,1.077055574,15.97569711,0
0.61488031,3.476168155,6.332488479,2575,7.860387101,0.127220198,0.06678277,0.258423626,16.27848942,0
0.7921826,3.674794587,6.733908989,3710,21.04052245,0.047527337,0.878286262,0.937169282,21.33759583,1
-0.36399305,4.963776822,6.172765704,4355,21.96437005,0.04552828,0.134245616,0.366395437,16.39817069,0
-0.779896151,5.876183882,5.857096448,7497,10.80210891,0.092574516,4.160639232,2.039764504,18.03398824,1
-0.544129675,6.946038172,4.931451884,1835,38.09943515,0.026247108,5.638018797,2.374451262,13.08818446,0
-0.145784423,4.951309117,4.305144224,9877,34.749138,0.028777692,0.074834822,0.273559541,33.1259614,1
0.636029532,5.700277729,1.521920559,8358,28.41578181,0.035191712,5.72298684,2.392276498,22.91900951,1
0.721461167,7.979767505,3.450719278,8079,21.18034464,0.047213585,1.833813868,1.354183838,19.60973487,1
-0.986095739,2.293465623,3.236131102,2528,19.41179396,0.051515074,0.670691595,0.818957627,9.447148174,0
0.021494605,4.019495555,2.558522703,7526,27.78407135,0.035991845,0.080922601,0.284468981,26.69321529,1
-0.165177994,7.706796687,5.340520682,8633,24.09011543,0.041510802,1.693897677,1.301498243,23.45176725,1
-0.555784379,9.161654701,3.97525441,5349,7.179558706,0.139284327,4.027395976,2.006837307,7.329076864,0
-0.760269265,6.093419537,1.486277295,5391,22.93759271,0.043596554,3.229236118,1.797007545,10.49574412,0
-0.324769657,6.256907882,2.321099212,2917,33.2241266,0.030098609,0.048638962,0.220542428,16.15482641,0
0.885819408,2.857376091,5.099552582,9524,21.07339572,0.047453197,0.075605424,0.274964405,32.86892237,1
-0.353594136,5.579298935,1.456785157,3974,6.818480214,0.146660248,1.138266815,1.066895878,6.235918334,0
0.037581243,6.260938132,6.107241484,9786,32.51973698,0.030750556,0.653991138,0.808697186,29.61963809,1
0.406037918,3.939764029,3.970879162,4311,12.04773237,0.083003172,0.432598723,0.657722375,13.67257137,0
-0.272740795,4.153945848,3.883519464,761,14.05172922,0.071165618,0.599712083,0.774410797,9.160416216,0
0.943564165,5.018273305,4.554446708,3474,10.76472237,0.092896033,4.114238545,2.028358584,10.17739284,0
0.92489459,2.160569582,5.948085796,9308,16.55752727,0.060395492,5.429586574,2.330147329,27.06319895,1
-0.496435408,4.576633325,3.086855247,307,31.4863027,0.031759842,1.149712486,1.072246467,9.582377955,0
-0.005502988,3.691584056,5.068096915,2765,23.17850508,0.043143421,5.174107255,2.274666405,15.58072528,0
-0.39824338,4.619978817,4.394391784,2593,12.1708446,0.082163567,0.759668576,0.871589683,10.90268859,0
-0.430319011,2.958097055,2.602169621,6913,35.72405274,0.027992345,1.546164837,1.243448767,26.5555157,1
-0.926226105,9.124218246,6.271779918,732,35.78536492,0.027944385,0.41276718,0.642469595,10.22335865,0
0.219128668,6.748739628,5.78455613,3183,35.47024488,0.028192644,2.680235569,1.637142501,19.90884014,1
0.005358046,7.432818553,4.950711008,3819,13.3578674,0.074862249,6.000318113,2.449554676,9.478154762,0
-0.897042498,8.313369909,6.103490375,7223,20.79337705,0.048092236,2.397491248,1.548383431,16.30435414,0
-0.442707072,5.987537591,6.203765206,1779,39.47463796,0.025332721,0.919208853,0.958753802,16.33043552,0
0.816531772,2.695362305,5.25017786,336,32.02043667,0.031230055,2.738236848,1.65476187,18.88273567,1
-0.520876219,6.296852335,6.02207997,7546,5.950859743,0.168042946,0.156032606,0.395009628,16.18732717,0
-0.710210256,6.694728944,5.18482877,4543,7.282160694,0.13732188,4.985314534,2.232781793,9.433122107,0
-0.021094479,7.963515793,5.080844631,6870,21.23759819,0.047086304,1.709298635,1.307401482,21.63405819,1
0.971300908,5.45327637,4.711668269,9832,36.82270721,0.027157156,1.388719374,1.178439381,36.80855684,1
-0.515889457,3.020642422,5.516299837,6199,23.85456293,0.041920701,2.268263388,1.506075492,21.18778735,1
0.344271095,4.270207246,1.951630632,8655,22.42343778,0.044596195,2.558340335,1.599481271,20.73858762,1
0.523239231,4.904658371,6.285224555,2468,8.691579498,0.115053886,0.074126561,0.272261935,12.42722564,0
-0.524724912,7.167337931,6.231061166,385,27.98730367,0.035730487,3.021621985,1.738281331,11.14940486,0
0.456432697,6.566226437,1.175483698,248,33.77361062,0.029608916,0.463265409,0.680636033,13.03342302,0
-0.264433735,4.848773807,5.954900503,4137,18.31470026,0.054600948,3.288732626,1.813486318,13.82781314,0
0.264611661,9.89212199,1.773219205,6649,32.14641478,0.031107668,4.301822392,2.074083507,22.69862264,1
0.267059422,6.846198555,3.010713126,7221,38.75668289,0.025802002,4.118871947,2.029500418,25.30224036,1
0.071549368,3.897814334,5.461049538,4995,12.13182607,0.082427822,2.033482622,1.426002322,13.386195,0
-0.81942046,2.814259781,1.964559376,5380,23.31653709,0.042888015,1.818203437,1.348407742,15.40371942,0
0.670604991,3.222873113,5.907802145,1112,15.04982853,0.06644594,0.196162454,0.442902307,14.01768167,0
-0.35843987,3.967661827,5.992805068,9815,32.74990467,0.03053444,3.844857273,1.960830761,27.10780568,1
-0.626962979,3.285450986,4.044806403,2885,25.21576781,0.039657726,0.564575681,0.751382513,14.63551007,0
-0.918449717,3.492536192,1.03831523,3825,27.21038461,0.036750675,1.669442339,1.292069015,13.89974078,0
0.181785886,4.28076135,2.722228799,4676,32.92699559,0.030370217,0.611927302,0.782257823,21.00175936,1
0.355128724,3.386988762,4.70156151,5882,18.85896654,0.053025175,0.177399391,0.421188071,23.81228101,1
-0.966824342,9.174123397,6.887117068,6357,37.02815239,0.027006478,2.595122762,1.610938473,23.60791627,1
0.024186117,2.641869965,4.790881162,9893,23.65601035,0.042272555,0.053082724,0.230396884,35.65470491,1
-0.54700845,6.196091117,2.558821486,2508,10.5284188,0.094981024,3.597655107,1.896748562,1.240650883,0
0.290345581,5.283174616,4.804034219,440,29.35646914,0.034064042,0.743403167,0.862208309,14.63226755,0
-0.651267142,9.859028935,4.239912278,2917,32.76414727,0.030521167,0.010064757,0.100323263,13.21297849,0
0.381875476,2.896311217,5.679072371,2596,16.0866587,0.062163313,1.760159249,1.326709934,9.983239425,0
-0.226529307,5.182844792,1.641883833,6062,35.00127399,0.028570389,0.0451327,0.21244458,19.6710555,1
0.873459977,9.755763466,5.566167415,5399,36.71501392,0.027236814,0.581874426,0.762806939,27.23047187,1
-0.724958112,8.924057007,4.247599472,7674,14.69165706,0.068065841,3.228287456,1.79674357,14.76084825,0
-0.317867298,8.536576568,6.777952023,1789,39.42325155,0.025365741,0.062727753,0.250455092,18.08875976,1
-0.773052958,4.063222616,3.051232996,3367,9.924903482,0.100756647,4.47073972,2.114412382,1.018344178,0
0.849387237,3.367100699,4.795731359,4506,12.07054839,0.082846277,0.011917612,0.109167814,16.94230692,0
0.754678707,7.349145759,6.592168633,8553,11.44786937,0.087352499,0.479386306,0.692377286,24.17177734,1
-0.484116745,9.435007913,1.615058368,1542,36.28963985,0.027556074,3.527521553,1.878169735,10.55204771,0
0.319968092,6.454103144,6.623370923,8697,27.90023933,0.035841986,0.737964084,0.859048359,29.83447696,1
0.6344444,6.572901516,5.127314334,4537,10.32364991,0.096864966,0.118709005,0.344541731,15.7372311,0
0.110401623,4.239832749,1.407022355,5535,20.41131964,0.048992423,0.930378704,0.964561405,15.89004666,0
0.059301157,8.155943466,2.805781402,8535,26.53543088,0.037685463,0.560916946,0.748943887,28.02928984,1
-0.516295418,3.496349988,5.249032532,4207,7.921242975,0.126242814,4.505042609,2.122508565,6.203145547,0
-0.813794464,4.589433891,1.404103609,660,35.88457289,0.027867128,0.725963645,0.852035002,8.958465267,0
0.794431516,5.403491509,4.493022761,8885,33.12612374,0.030187655,3.97379479,1.993437932,29.32482449,1
0.800836114,6.060883029,3.075298342,5648,22.68223708,0.044087362,5.019809544,2.240493148,18.80562283,1
0.266202915,3.939277859,4.725493107,1926,38.84943153,0.025740402,1.30225027,1.141161807,17.64109372,1
-0.321940418,2.918694598,1.274452203,7729,19.62163427,0.050964154,5.216032693,2.283863545,17.60475701,1
-0.301580851,6.88496034,6.229220837,8425,39.44386117,0.025352488,1.01115761,1.00556333,31.58239204,1
0.451911358,4.309044426,6.840933815,3238,28.37719996,0.035239559,5.826373472,2.4137882,16.28454655,0
0.79422052,6.649905771,6.813267132,7793,27.21349456,0.036746475,0.098781258,0.314294859,31.01108941,1
0.774172849,3.234901722,5.49791099,8364,10.80842134,0.092520449,3.05846317,1.74884624,20.64144473,1
0.559751092,5.849120815,1.780517441,7942,35.86747154,0.027880415,1.651620025,1.285153697,25.60563976,1
0.284063292,6.26071546,5.549579176,6821,19.96213908,0.050094832,1.061635822,1.030357133,21.92684836,1
-0.83172007,2.414588295,1.147521499,7102,10.6781692,0.093649012,2.619569794,1.618508509,9.134302334,0
-0.676742572,4.692834226,1.132741309,4325,5.441263199,0.183780854,3.201440683,1.78925702,-0.512065946,0
0.797108377,3.075317416,2.941661315,3078,24.59144893,0.040664542,0.012204029,0.110471847,20.04429795,1
0.212858119,2.506999764,3.931859142,7473,23.45898677,0.042627587,0.250687886,0.500687413,27.95672156,1
-0.981605897,9.919681859,5.622444507,6007,30.17737678,0.033137406,3.280845805,1.811310522,16.12202042,0
-0.797056914,4.57883076,5.09977226,6197,36.15903186,0.027655608,2.88770543,1.699324993,21.52205314,1
0.327003538,8.478995567,3.675416238,5756,7.779230463,0.128547419,5.849210028,2.418514012,11.47958043,0
-0.989876832,4.037125238,2.641759998,9084,30.60237716,0.0326772,3.711366404,1.926490697,21.39010792,1
-0.678383897,7.452021778,6.982747001,4359,11.55941804,0.086509545,5.673230852,2.381854499,5.676347991,0
0.097467579,8.081822879,3.557087813,8386,35.03619686,0.028541911,3.190143221,1.786097204,27.72671873,1
0.383790395,6.765109925,3.708322146,6001,33.66722299,0.029702479,0.664755346,0.815325301,24.59178891,1
0.303922519,5.772609508,1.981742927,9425,23.92778142,0.041792425,0.12452134,0.352875813,29.45597157,1
-0.551461381,5.294727313,5.768857292,5017,29.85849795,0.033491303,3.906067121,1.976377272,14.05745091,0
0.424358443,4.790946132,5.162093355,8529,16.00225396,0.062491197,2.709178171,1.645958132,20.37291428,1
-0.525501825,9.436233154,2.324617677,2630,21.49087646,0.046531374,0.046503383,0.21564643,9.018793935,0
-0.349200604,8.644955262,1.494286274,2060,33.75729142,0.02962323,0.92952953,0.964121118,12.35537131,0
0.49298281,9.720215285,5.082995812,7145,21.0742819,0.047451202,5.74234742,2.396319557,20.30630526,1
0.299265798,2.994377788,4.927067286,1148,17.52293929,0.057068051,1.692504076,1.30096275,10.39514808,0
0.698446821,7.846939802,2.639557162,5872,22.29743565,0.044848207,1.296295935,1.138549926,18.99870101,1
0.315225785,9.506723655,6.705181374,2629,33.98872384,0.029421522,1.436352039,1.198479052,17.23418897,1
0.136617207,3.449864529,1.906347351,3064,16.73228166,0.059764712,0.361583984,0.601318538,15.01008263,0
-0.812650464,2.531970139,3.594008806,7237,11.08165576,0.090239223,0.970022514,0.98489721,13.90209156,0
-0.264568394,7.928965194,6.661695521,1063,29.92049071,0.033421912,0.975258586,0.987551814,13.4083016,0
-0.469595265,6.595784905,3.518363902,636,33.90923744,0.029490489,0.050918847,0.225652048,10.51678609,0
-0.512020713,8.734630214,4.831155686,7440,8.522311748,0.117339054,3.771994432,1.942162308,13.43570448,0
0.94602111,3.118179013,3.385566388,7279,13.39559395,0.074651412,1.209143552,1.099610637,19.6304081,1
-0.213804551,8.362138495,2.645291214,8067,9.969019642,0.100310766,4.298289799,2.073231728,14.75652587,0
0.78409311,3.61301856,6.903865888,8834,17.17794941,0.058214166,4.583175365,2.140835203,26.55058201,1
0.262277252,3.309247543,3.456004038,945,20.76228426,0.048164257,0.370620067,0.608785731,14.3636318,0
0.589622607,3.314126383,6.364595222,5877,31.20892179,0.032042119,2.81450401,1.677648357,25.52371352,1
0.005274186,8.516597762,2.379727635,3136,27.79016547,0.035983953,1.521463857,1.23347633,13.43235155,0
0.153807769,7.321577766,2.278628224,6047,26.73249986,0.03740765,4.894608322,2.212376171,15.42647205,0
-0.014964612,6.184523398,1.186804497,2594,17.33312313,0.057693007,0.3816492,0.61777763,8.122196041,0
-0.609514024,4.870643873,4.910000952,2819,34.45066436,0.029027016,2.981671367,1.726751681,15.84039809,0
0.444904231,9.017604327,3.211158062,1984,21.49505086,0.046522337,2.429249837,1.558605093,5.78920729,0
-0.438455275,5.139560859,6.186149499,4449,39.26867283,0.025465592,0.654033774,0.808723546,21.21654752,1
-0.951368067,8.532795516,3.83925944,5279,27.19497484,0.036771499,0.183048921,0.427842169,17.73092979,1
0.290944592,5.513079269,6.809160567,6710,9.419265955,0.106165385,2.768681099,1.663935425,17.13128448,0
-0.645778641,5.015555435,2.113153094,6530,28.66621467,0.034884271,3.506757722,1.8726339,16.84077384,0
0.880917169,5.701438285,6.211739008,7254,16.37864054,0.061055128,0.735315897,0.857505625,22.63189617,1
0.907857154,4.411022993,5.659581117,6588,29.02145188,0.03445727,2.714579992,1.64759825,25.13813152,1
0.82972878,7.980875041,5.625531068,4837,7.437440186,0.134454863,1.098962616,1.048314178,13.77662282,0
-0.259682599,6.021763121,6.068699369,6625,11.1208503,0.089921182,3.28224428,1.81169652,16.03004895,0
-0.969086767,3.857701561,5.566143946,3950,34.95080406,0.028611645,0.334218872,0.57811666,16.15667792,0
0.856637125,9.196596586,4.75732193,789,12.9512845,0.077212419,5.002003847,2.236516006,6.888620525,0
-0.143631703,5.071129771,1.787469266,5275,34.29643938,0.029157546,0.623757237,0.789783032,23.83592663,1
0.933309638,6.348422889,1.195157077,8748,14.7746631,0.067683438,0.965672503,0.982686371,17.3610261,1
0.927239954,9.251776888,6.525087087,5178,27.50086685,0.03636249,0.057322264,0.239420685,26.42525985,1
0.706018911,6.993903967,4.699901887,5548,29.29527007,0.034135203,0.135151309,0.36762931,26.57031337,1
-0.411102216,2.935184326,5.779223746,1279,22.94291636,0.043586438,1.790427489,1.338068567,10.98240059,0
-0.229804543,9.518656989,3.889134109,9174,15.68587368,0.063751629,0.550894127,0.742222424,18.20613255,1
0.702273343,7.021664425,1.703849134,6506,12.44255317,0.080369357,4.431667224,2.105152542,15.76823949,0
-0.36615599,4.679244917,1.751114753,8691,6.16162741,0.162294786,0.018296386,0.135264133,17.05646194,0
-0.661014507,3.114176581,5.113391723,7007,15.63812404,0.063946289,1.019747978,1.009825717,19.89793744,1
0.113602525,8.352201514,3.581835369,8900,27.86069767,0.035892856,0.827425486,0.909629312,30.5935981,1
0.872309548,6.960582047,2.20314836,1738,37.84066865,0.026426594,0.021428953,0.146386314,19.72232464,1
0.392059593,6.267688736,3.94956728,5771,35.49215688,0.028175239,0.158789624,0.398484158,24.31011329,1
0.14012234,9.151140664,1.385253622,7028,31.81226718,0.031434415,1.194085996,1.09274242,20.87695963,1
-0.805647012,8.30877769,4.491828411,1482,32.59565701,0.030678934,1.645768272,1.282875003,8.879754927,0
0.230014453,3.213399038,2.613960427,1503,28.27447162,0.035367593,1.145532229,1.070295393,14.21668948,0
0.9801077,4.493776542,5.785354604,9111,14.11004001,0.070871521,1.888564239,1.374250428,24.82709854,1
-0.71983197,3.987913119,2.862171754,3392,36.75182607,0.027209532,2.335749856,1.52831602,15.61868048,0
0.036659305,7.951570341,3.731320894,9111,28.47563092,0.035117747,0.015330692,0.123817171,25.91500674,1
0.754746144,2.268259478,1.069723239,519,24.61542208,0.040624938,1.473379343,1.213828383,10.17822534,0
0.481537236,6.559117479,1.434681327,4617,8.884631422,0.112553909,5.81966497,2.412398178,7.629363828,0
0.394031482,8.099669486,3.354961338,3402,20.64694403,0.048433318,1.810847859,1.345677472,6.818075348,0
0.404968168,9.014125094,3.879633008,7957,21.11253949,0.047365216,2.979426188,1.726101442,21.2375084,1
-0.281017698,4.73665399,4.600123289,9800,35.25972633,0.028360969,0.719906871,0.848473259,32.3842621,1
-0.412816311,8.570058437,2.749975472,7970,24.13268771,0.041437573,3.832116745,1.957579308,16.82443479,0
0.618722311,2.885053896,5.169891317,5793,18.31401921,0.054602979,3.822070186,1.955011557,23.60839546,1
0.620226789,8.771618334,6.160734383,867,39.1880115,0.025518008,1.825499622,1.351110514,19.02739533,1
0.734144637,3.019909299,5.679105933,2144,8.875220766,0.112673254,5.965479819,2.442433176,5.996180991,0
0.826481105,5.178298324,1.237712952,1649,19.78919499,0.050532627,0.161058156,0.401320515,12.96797524,0
0.022684798,8.378362926,3.883041684,6240,6.470863631,0.154538877,0.019789286,0.140674396,16.26129909,0
0.003032589,3.199339419,1.629581071,3816,30.89664423,0.032365975,3.796183487,1.948379708,16.07103303,0
0.596590358,3.834011162,2.452270095,4581,37.13267933,0.026930456,4.150075012,2.03717329,22.49819079,1
0.299927862,7.778020547,6.91997556,7998,14.80130653,0.067561603,0.150930191,0.38849735,24.36297501,1
0.403933755,7.760292292,1.854973257,6648,35.04195869,0.028537218,0.543756989,0.737398799,20.48198788,1
0.591585339,7.129181063,3.993328921,2393,15.22763807,0.065670066,0.020199707,0.142125672,11.62389331,0
0.780010684,7.551587556,4.708934406,4937,36.87695566,0.027117206,0.646320594,0.803940666,24.87046105,1
-0.324009686,6.341795547,5.214789823,7858,31.38866663,0.031858633,3.824138637,1.955540497,27.24960195,1
-0.248834095,4.014392471,4.357892101,6893,33.17173719,0.030146145,1.803931757,1.343105267,25.76855523,1
-0.81203612,4.765567948,1.058625085,7738,5.630229446,0.177612655,0.875028207,0.935429424,11.29001874,0
0.156560282,3.452781734,2.958767849,8093,38.6983625,0.025840887,0.984409857,0.992174308,30.61105116,1
-0.928115452,9.267604491,4.10626986,6107,30.43348472,0.032858544,0.010660294,0.103248702,22.09453493,1
-0.068803964,6.667134358,1.527198995,5642,15.66628834,0.063831329,0.671615106,0.819521266,13.2240836,0
0.085289269,5.206811334,3.103761587,9192,34.02881327,0.029386861,2.727455487,1.65150098,27.43160369,1
-0.426917496,5.696046429,1.199218653,6456,14.85324194,0.067325369,5.944169064,2.438066665,10.25635828,0
0.181666521,9.578266717,1.471470983,8533,35.54638438,0.028132256,4.549458574,2.132945985,25.83309706,1
-0.9389995,3.226811225,3.381539657,7480,8.940313664,0.111852899,0.024532304,0.156627915,17.49002706,1
-0.925303623,6.689838656,1.796294524,2485,29.62900921,0.033750707,5.091997373,2.256545451,7.713254153,0
0.645201121,6.047109431,4.40524509,4368,23.92444668,0.04179825,3.919117825,1.979676192,17.16574961,1
-0.279618717,6.891633883,5.136789815,771,8.378706457,0.119350165,3.89234505,1.972902697,-0.347048999,0
-0.745878975,2.144881471,5.803520195,263,13.46628399,0.074259536,1.438056228,1.199189822,4.458973648,0
0.04448652,8.976991272,2.200901465,8756,5.43414127,0.184021716,1.113473849,1.055212703,13.65430756,0
0.539987106,9.45694626,2.004895494,4692,21.40687879,0.046713956,0.683925277,0.826997749,14.19860203,0
-0.568357945,6.521065469,1.627407042,4895,15.54428413,0.064332329,0.066392624,0.257667661,14.52105392,0
0.245780952,7.573206591,4.818581497,4898,25.94251195,0.038546768,0.41959933,0.647764872,17.52733617,1
-0.82930507,9.379995049,5.238854359,6136,15.40332327,0.064921055,0.478654657,0.691848724,12.68536728,0
-0.896636558,7.657909075,1.189516869,2455,15.4971689,0.064527915,1.592101304,1.261784967,0.509449186,0
0.062709263,3.220312343,6.617273477,5987,31.01176196,0.03224583,3.586730607,1.893866576,21.52094452,1
0.081270243,6.610306881,1.311827702,8061,6.684999259,0.149588648,1.530524258,1.237143588,13.93628815,0
0.274859803,6.853720371,4.247778012,5927,36.60132483,0.027321415,0.057038182,0.238826679,25.57759984,1
0.452182667,5.39304537,5.254363117,8837,34.8292356,0.028711512,5.753740209,2.398695522,33.19519687,1
0.951704159,7.891553885,6.225814742,4819,28.37316391,0.035244571,5.58158753,2.362538366,19.58648307,1
0.032600697,9.474936118,5.284521593,693,25.76275495,0.038815725,3.938061264,1.984454904,9.888937206,0
-0.354087054,9.404548103,5.810368498,4939,36.23058743,0.027600988,6.146368001,2.479186964,20.23163358,1
0.59037239,5.606714971,3.036701155,7494,11.48655628,0.087058295,1.978966942,1.406757599,17.74831961,1
-0.458335497,2.905904367,5.888950682,9751,7.763920677,0.128800904,5.811204691,2.410644041,23.88975322,1
-0.122057159,9.878729592,1.480689078,3593,13.38285595,0.074722466,0.079215283,0.281452097,8.392321148,0
-0.843087237,8.711184692,6.368899936,6264,32.81023975,0.03047829,0.955767839,0.977633796,24.93311273,1
-0.949298513,2.99730145,4.285554257,2772,6.213459335,0.160940942,0.410772093,0.640915043,8.622644572,0
0.925296829,9.366735061,5.90378662,4300,25.39823923,0.039372808,0.324899318,0.569999402,21.26414511,1
0.671960241,8.959170896,3.713909707,116,39.84031307,0.025100204,0.191780125,0.437927077,17.30195581,1
0.391948412,6.150704457,4.861466171,3291,34.94936328,0.028612825,2.540175297,1.59379274,20.61196861,1
-0.182094111,6.730203486,4.158415966,492,23.25059912,0.043009644,3.901306222,1.975172454,3.460720572,0
-0.65341136,5.192021631,5.389537131,8716,7.227431825,0.138361734,2.213894495,1.487916159,17.21710593,1
-0.687125915,2.438093111,1.489779892,6372,34.098073,0.02932717,0.2049468,0.452710503,25.53770228,1
-0.499514204,4.681577933,1.362112504,671,25.96424779,0.038514499,4.188968806,2.046697048,7.937036079,0
0.098453329,8.422827589,2.482619404,3731,9.022654897,0.110832123,2.644823383,1.626291297,4.447241738,0
0.429191845,2.037056184,1.957268081,6272,8.285004969,0.120699988,1.064193804,1.031597695,16.68733111,0
0.320394753,4.667993374,6.2307014,9412,36.83693868,0.027146664,2.951224077,1.717912709,34.03643917,1
-0.440132206,5.185349549,2.315283924,7277,28.4220092,0.035184001,0.523845836,0.72377195,22.1786674,1
0.909730561,6.299164824,6.855191535,8533,34.02503798,0.029390121,0.862040386,0.9284613,34.59486035,1
0.475793833,9.358844931,3.021374751,3997,35.76426151,0.027960874,5.299047573,2.301966024,17.29682621,1
0.108708105,4.770767955,2.092707494,8223,25.01203232,0.039980758,0.635545081,0.797210814,25.55411277,1
0.223441492,4.775625615,5.738191043,2379,23.11062231,0.043270146,1.507914849,1.227971844,17.30280326,1
-0.160799875,7.900009985,4.952246653,9080,20.06495936,0.049838127,5.001210914,2.23633873,22.81095417,1
-0.504538021,5.617743527,3.989174299,7551,16.09313057,0.062138314,3.234714624,1.798531241,17.43222588,1
-0.288054643,3.796838584,4.332181306,9006,20.21085863,0.049478353,0.062144379,0.249287743,30.0301799,1
0.515692221,5.619516129,5.31521067,875,32.08578795,0.031166447,0.205687018,0.453527306,18.88660689,1
-0.971213023,3.126856163,2.370728448,6969,26.06732009,0.03836221,0.014118149,0.118819818,21.36200713,1
-0.767854719,3.411095892,6.978003496,2347,36.23831515,0.027595102,2.605681338,1.614212297,15.09995136,0
-0.907994716,5.986942182,6.848758973,7188,20.5183005,0.04873698,1.37925346,1.174416221,18.02037834,1
-0.918542395,5.351403596,4.901954118,178,26.24813526,0.038097944,0.178303205,0.422259642,10.36743402,0
0.710921168,9.318767209,2.197254706,8180,27.09576436,0.036906137,5.755401993,2.399041891,20.37078067,1
0.407315719,4.899151193,5.081369455,7199,25.70940068,0.038896278,1.880143745,1.371183337,22.76074977,1
-0.051652342,6.644706802,1.433190454,4026,29.59218206,0.033792709,0.463140008,0.680543906,14.68085629,0
-0.804331679,7.058114303,1.183915013,9147,13.31017139,0.075130513,1.693768382,1.301448571,14.64548261,0
-0.01676825,2.104755653,2.546097331,7440,22.93273221,0.043605794,2.996668429,1.731088799,23.22640591,1
-0.053056458,7.308298976,3.77573774,7183,8.647868098,0.115635436,0.080074354,0.282974123,16.15298617,0
-0.65359626,3.424287735,6.209635032,6330,18.45789647,0.054177354,0.576520023,0.759289156,17.07460645,0
-0.132296702,9.68856254,5.363014419,9323,22.0683474,0.045313769,4.148216864,2.036717178,22.51123456,1
-0.202990531,3.189301822,5.456239127,5040,27.82784908,0.035935224,1.447679866,1.203195689,21.41064932,1
0.231700196,5.31699299,3.552960007,3371,38.26858684,0.026131093,1.993137284,1.411785141,19.14616283,1
0.270187302,2.682797345,3.075609955,3556,26.02278733,0.038427859,1.296770706,1.138758405,19.48501949,1
-0.90939198,9.974994015,3.226232578,7888,31.02578707,0.032231253,0.042172673,0.205359862,21.79903044,1
-0.250774771,6.017560083,6.925897382,8699,22.71931208,0.044015417,0.247804314,0.497799472,29.48641482,1
0.251719831,6.763080139,1.240655148,7750,27.1936411,0.036773303,1.367262333,1.169299933,23.59856568,1
0.006272517,2.536611819,6.202188977,2811,7.482627565,0.133642894,0.362458323,0.602045117,12.97643463,0
0.712979682,7.999683763,4.472052451,1768,13.90370533,0.071923273,0.048377857,0.219949669,8.177220239,0
0.317387263,3.679244745,3.631692515,247,17.66485826,0.056609568,4.514601631,2.124759194,5.524938731,0
-0.674131146,9.184434316,5.351545962,6520,21.53726743,0.046431146,6.026347783,2.45486207,14.306153,0
-0.858862505,3.641117124,3.920013649,465,6.597706093,0.151567831,4.014184142,2.003542898,-4.543151567,0
0.284838556,3.525501765,6.240539428,9966,9.900843414,0.101001496,4.618561231,2.149083812,25.88848753,1
-0.946977379,2.292397343,6.404211184,4631,14.68850077,0.068080468,0.463413909,0.680745113,13.27734643,0
0.171551163,5.776535561,3.530325561,5430,39.00364418,0.02563863,5.78645306,2.405504741,20.88195869,1
0.880460483,6.518729066,2.660966783,5610,16.59714525,0.060251325,0.327895601,0.572621691,16.19777339,0
0.150948356,2.525669115,4.554101972,8854,21.87143703,0.045721733,5.680745929,2.383431545,25.92537646,1
-0.223660148,8.204220934,6.474180074,9064,11.86341995,0.084292725,6.187986124,2.487566306,15.25262908,0
0.286576437,5.626310678,2.263973134,6593,26.37730249,0.037911382,3.269351216,1.808134734,21.21415361,1
-0.083494219,6.195122155,4.737799501,5539,14.82391254,0.067458574,6.0257728,2.454744956,14.62929894,0
0.091233579,5.526101976,4.789361321,9865,12.24474025,0.081667719,2.151782323,1.466895471,24.11060082,1
0.882929618,5.206104487,5.398678134,6611,23.080042,0.043327477,0.522584814,0.72290028,26.79815232,1
-0.227794724,6.47712265,1.789406111,7604,5.192702971,0.192577932,1.319718753,1.148790126,14.01617327,0
0.922381128,3.241921967,5.294949788,1346,5.268241143,0.189816672,2.324241253,1.524546245,5.233497544,0
0.810701284,3.455425044,6.454195124,3939,12.66740832,0.078942746,0.075842818,0.275395749,21.13138922,1
-0.60841773,8.894284968,2.078098653,8651,6.285247688,0.15910272,2.539636928,1.593623835,11.09878214,0
-0.861277398,9.568923697,2.42525995,2476,8.780901395,0.113883525,6.026174658,2.454826808,-2.006154377,0
-0.798443997,4.98647453,6.828370564,3109,16.86012273,0.059311549,0.309423362,0.556258359,11.75838493,0
-0.963556349,4.165957385,2.085861716,9254,33.09049879,0.030220155,4.008918082,2.002228279,25.41786883,1
-0.811114078,7.151996346,6.12631056,1927,25.02170252,0.039965306,5.193645487,2.278957105,7.120400351,0
0.366013547,5.269873369,3.953667139,7079,22.94337041,0.043585575,5.592675495,2.364883823,20.36544963,1
-0.857622703,2.203090845,2.483386446,9905,15.27210881,0.065478842,5.780780872,2.404325451,16.95180061,0
-0.362048739,3.249220779,6.224499408,9932,37.61138018,0.026587698,1.826560718,1.351503133,36.80371914,1
0.689750622,7.727777831,3.67183153,8669,18.89552644,0.052922579,5.980660899,2.445538979,22.48944269,1
-0.953456129,7.271391535,4.088904124,4385,8.048246838,0.124250662,3.676976898,1.917544497,4.344749363,0
0.628936965,2.21676794,3.155400216,7010,26.59732806,0.037597762,0.238155172,0.488011447,26.04735737,1
-0.43629045,3.775777295,4.557705109,8661,8.984343772,0.111304735,1.54893023,1.244560256,20.16527758,1
-0.763670345,3.848598373,1.981143236,2296,17.08281,0.058538379,3.326957107,1.823994821,3.732151964,0
0.393474331,7.375141949,3.34648922,3847,22.75941786,0.043937855,0.481104207,0.693616758,15.83130765,0
0.257885694,2.157684302,6.816473934,8943,35.59778836,0.028091633,2.681329093,1.637476441,36.32095412,1
0.754944027,2.832868656,2.548800596,6078,22.27413031,0.044895131,2.889459934,1.69984115,18.93089382,1
0.470142088,8.399328683,4.940419987,5707,29.57905681,0.033807704,0.240570027,0.490479385,24.16496352,1
0.606961861,3.428357296,2.951140385,869,39.74858936,0.025158126,2.120532274,1.45620475,17.82409602,1
-0.435930855,7.221968863,5.640838754,880,9.602119196,0.104143677,3.809931514,1.951904586,1.096258876,0
-0.645120912,3.905462248,1.785241964,6403,14.61560339,0.068420028,1.683115971,1.297349595,12.59006271,0
0.501229503,2.795531142,6.81892627,4083,18.81016265,0.053162751,0.016653252,0.12904748,23.42262817,1
0.613669479,3.945377528,3.722737248,9603,19.76398625,0.05059708,0.014809022,0.121692326,28.51958205,1
0.981010284,7.778135455,2.41630278,8814,19.38573763,0.051584315,0.915601011,0.956870426,20.83148175,1
-0.174764646,8.845571745,1.440980484,621,36.76638509,0.027198758,5.395705359,2.322865764,8.789594267,0
-0.255963828,8.641758917,2.018547431,9227,29.99114256,0.033343178,0.420972935,0.648824271,23.27626878,1
0.552825921,5.177468237,4.118643691,7669,26.27668249,0.038056555,2.63241816,1.622472853,26.35214818,1
-0.318392919,7.344681093,3.022019059,5884,15.82804513,0.063178996,0.400666326,0.63298209,17.29315631,1
0.861514651,3.639874363,5.973300195,4683,33.83266345,0.029557235,0.760397909,0.872007975,27.95779611,1
0.716825504,4.345181842,3.585325142,6046,38.4271179,0.026023289,4.559510425,2.135301015,28.18121344,1
-0.142011945,9.170686548,2.492285636,5041,33.74193989,0.029636707,3.419790144,1.849267461,20.90278865,1
0.501742136,2.104015388,4.70286992,6367,5.054778682,0.197832598,0.10821354,0.328958266,20.24703052,1
0.509085748,2.684068247,5.240663301,7228,27.27404796,0.036664891,1.274381005,1.12888485,28.14675003,1
-0.793752262,3.663090041,2.002251447,2561,6.78973835,0.14728108,0.028902527,0.170007433,8.154776192,0
0.805105813,2.212257631,2.005715298,785,14.01625271,0.071345746,1.572857989,1.254136352,11.09154033,0
0.010504745,3.451483481,1.220028562,2260,7.083364512,0.141175849,2.855564728,1.689841628,6.793001459,0
0.652914932,6.664332488,5.41841209,7131,26.13284085,0.038266027,0.147768201,0.384406297,25.92334494,1
-0.359900798,5.371396405,4.982827166,9859,29.03064697,0.034446356,0.629362736,0.793323853,27.2564355,1
0.791046457,9.141373689,3.847785254,5441,9.007067332,0.111023929,1.112619708,1.054807901,12.14950749,0
-0.221596643,8.539548494,6.065022694,138,18.43436091,0.054246524,5.32166977,2.306874459,4.360732656,0
-0.978324697,4.734538814,5.834020918,4975,20.96827781,0.047691089,6.169322235,2.483812037,13.05297818,0
0.810763953,4.075387467,4.512126186,1356,17.91685576,0.055813364,0.043175486,0.207787118,13.05450517,0
-0.817426646,5.037539265,6.209627683,7797,9.235875017,0.108273444,3.711090227,1.926419016,16.55312735,0
-0.361372725,6.72235954,2.23504726,2296,19.66317266,0.050856493,0.984337334,0.992137759,4.874123244,0
0.900123934,4.144509127,1.671517716,7265,31.29123167,0.031957834,1.085554874,1.041899647,27.21036338,1
0.901214294,6.993191263,2.618497669,401,7.485268259,0.133595746,3.649001331,1.910235936,3.514396107,0
0.146875776,5.275293218,1.342521137,7627,7.806300493,0.128101653,5.309445648,2.304223437,13.74370224,0
0.263674424,6.416377447,4.187017168,6481,17.41699521,0.057415185,5.67501323,2.382228627,17.48040876,1
-0.103108956,5.489012233,6.619634154,746,37.96039991,0.026343242,2.205504802,1.485094206,19.14259147,1
-0.413578457,4.355726076,1.236061244,8889,28.40004264,0.035211215,0.916022766,0.957090782,24.66179951,1
-0.342670909,9.587626456,1.732659484,8953,28.75344848,0.034778437,3.960568882,1.990117806,19.68526209,1
0.345036912,8.108846353,3.71319417,4430,17.66719968,0.056602066,0.493370424,0.70240332,16.85234621,0
0.504749059,3.120905406,6.603250105,9660,25.77812769,0.038792577,2.113469511,1.453777669,34.30233156,1
0.583158087,8.947743807,2.89693663,7103,5.354591441,0.186755612,0.922729897,0.960588308,15.13639497,0
0.579236286,5.899449586,4.043408852,3637,27.26336162,0.036679263,2.808689669,1.675914577,16.52948464,0
-0.817587794,9.156417815,1.249437154,4658,36.96504317,0.027052586,0.458271309,0.676957391,16.71943922,0
-0.011159391,8.398842048,1.890059206,6679,26.44007139,0.03782138,0.313401869,0.55982307,17.53998468,1
-0.88488248,5.401708036,6.919780738,8574,35.57945077,0.028106111,5.307373759,2.303773808,29.17844889,1
0.099057765,2.179754467,6.790712179,9778,30.33905694,0.032960814,0.118562349,0.344328839,37.79813352,1
-0.116938997,4.149418875,1.029639886,4182,9.219544574,0.108465228,1.727381805,1.314298979,5.198039851,0
0.775408366,6.333073717,6.710870713,4283,36.58586576,0.02733296,0.396958818,0.630046679,28.20390192,1
-0.298169975,7.067825759,4.834719627,8752,7.325534552,0.136508809,0.037415905,0.193431912,20.2949062,1
-0.765865967,4.063101483,6.207509767,3854,23.68886154,0.042213932,0.034761799,0.186445164,15.40356524,0
-0.714016636,3.114848593,3.728439134,1824,9.974799333,0.100252643,0.270953826,0.520532253,3.468131928,0
0.523021263,8.679441894,4.093576171,1476,5.409731376,0.184852062,4.753485051,2.180248851,2.006585168,0
0.236436127,9.875217446,3.933079482,8806,19.7711991,0.050578622,0.605204624,0.777948986,22.08733669,1
-0.797754648,6.205521458,5.001185545,8994,15.32642477,0.065246789,5.669646779,2.381102009,21.50118735,1
-0.831786388,3.373434287,1.837907529,1753,22.01001728,0.045433858,2.237697373,1.495893503,8.511666412,0
0.401938263,4.178458612,1.179841539,2166,25.20199604,0.039679397,1.317614847,1.147874055,13.12489529,0
-0.854473987,2.147125412,2.84757965,122,6.530867531,0.153119014,2.226700244,1.492213203,-0.440842334,0
0.643720119,9.314390452,5.228084576,2560,9.305115329,0.107467771,1.79580402,1.340076125,10.28006103,0
0.412484454,2.942008663,2.211120713,6026,24.55248388,0.040729077,3.690483085,1.921063009,21.25924932,1
-0.837302439,6.612131804,5.0405946,6351,17.01085736,0.058785985,0.605269309,0.777990558,17.16439717,1
-0.830324572,4.192441765,6.819472277,9596,30.52107206,0.032764249,0.897416963,0.94732094,28.41364782,1
0.973279157,6.43342402,1.563404295,7395,27.8302077,0.035932179,5.043735887,2.245826326,28.50817326,1
-0.251458408,7.211363107,5.035612709,3400,34.5961527,0.028904948,5.623991531,2.371495632,13.35753769,0
-0.258715706,8.63793443,3.662501316,6379,29.23724893,0.034202944,5.02719064,2.242139746,17.17842133,1
0.625599135,3.651370174,6.208853526,8653,20.04758771,0.049881313,1.224729966,1.106675185,24.8204233,1
0.894497155,2.087966629,2.062898737,7453,28.55383178,0.035021569,3.892244475,1.972877207,26.74920176,1
0.972002128,3.095085041,5.155755713,3827,14.6383411,0.068313752,1.545560562,1.24320576,16.81821423,0
0.506756371,9.200149135,6.028691738,6372,15.72097246,0.063609297,1.674683539,1.294095645,19.7178985,1
-0.247480829,8.991120621,6.667685317,6095,32.6144806,0.030661227,0.349555587,0.591232262,20.67134191,1
-0.832998567,6.779304817,5.09948817,9576,20.62468307,0.048485594,2.30648835,1.518712728,24.78120154,1
0.554293832,6.804134883,3.983048584,614,32.94331192,0.030355175,0.298909488,0.546726155,13.14425458,0
0.116808499,7.320293396,4.707083441,548,33.78478308,0.029599124,0.802377518,0.895755278,12.97633783,0
-0.151555982,3.402970229,6.213429907,6119,35.01468182,0.028559448,4.631415976,2.152072484,26.61746116,1
0.81270877,9.315295567,4.42365848,5443,37.08223325,0.026967092,0.356387439,0.596981942,26.3668681,1
-0.777605035,5.350164199,1.182322358,8133,20.08448272,0.049789682,0.073321746,0.270779884,20.36007911,1
-0.014749791,5.065108226,6.585692173,2620,16.16033864,0.061879891,0.07055304,0.265618222,15.4630069,0
-0.97729271,6.151341642,5.137160506,3181,25.37695613,0.039405829,5.559611531,2.357882849,10.75677749,0
-0.062678716,2.375727734,5.059080315,1528,17.99103482,0.05558324,1.733459393,1.316609051,9.608344257,0
-0.887393449,3.33026695,2.294050914,4067,26.03759584,0.038406004,1.171998883,1.082588972,13.55884904,0
-0.762364167,7.904268931,4.953312821,6545,29.69550519,0.03367513,4.18656038,2.046108594,19.02316553,1
-0.764947506,2.662389343,3.363186434,9214,29.09417565,0.034371141,4.43516114,2.105982227,23.12710557,1
0.298420604,6.825216876,4.907397862,2259,18.10935105,0.05522009,0.805072779,0.897258479,13.36781244,0
0.492089759,3.962792877,1.639558182,5232,10.84010706,0.092250011,3.114107283,1.764683338,12.65450339,0
0.16673753,5.114364912,4.947071828,2647,20.06852685,0.049829268,3.805210039,1.950694758,11.47026135,0
0.924345097,4.309549894,6.996482355,3079,9.990795043,0.100092134,2.792781255,1.671161648,15.41243407,0
-0.250258841,4.845381732,1.289272233,2749,36.15339623,0.027659919,0.21513658,0.46382818,16.64942524,0
-0.428575827,7.752367241,6.863045105,8605,17.10571113,0.058460007,4.849329854,2.2021194,19.61172864,1
0.737198256,4.376973725,3.441447764,3183,10.40609115,0.096097563,1.942753501,1.393826927,9.547791198,0
-0.552808323,6.531237122,6.224520702,1137,5.890671597,0.16975993,0.605181033,0.777933823,3.816108042,0
0.926445079,5.808403218,5.694312904,3589,27.60378352,0.036226918,1.255627025,1.120547645,21.02590229,1
-0.975691051,7.309369323,4.402097566,7704,27.29158111,0.036641336,0.036164864,0.190170617,21.55164305,1
0.939757653,9.494637915,5.430695256,7644,16.92114583,0.059097653,0.165551597,0.406880323,23.30381994,1
-0.913680176,7.860576778,6.271093368,2734,7.50991611,0.13315728,3.753178565,1.937312201,1.623683281,0
0.782286227,3.719523029,3.42484193,4083,19.33701132,0.0517143,0.010005585,0.100027923,17.51798249,1
0.055402218,2.24946508,2.962198969,1878,15.89261233,0.062922318,1.209467633,1.099757988,5.86496658,0
0.985929592,4.098112354,5.005560313,8002,28.69922239,0.03484415,1.83338217,1.354024435,29.22700043,1
-0.852406871,6.760623446,5.847075652,5210,26.20227373,0.038164627,0.05341766,0.231122608,15.77436593,0
0.107708569,2.411406508,5.573710809,5289,17.76078049,0.056303832,5.931112719,2.435387591,15.46229674,0
0.938605071,5.970929978,5.786881893,7478,12.6262394,0.079200146,0.413064312,0.642700795,21.95556062,1
0.046195688,6.774742791,3.613499889,1224,39.58125882,0.025264482,0.689027705,0.830076927,18.36615537,1
0.258797276,4.673951127,5.907005297,797,20.89005674,0.047869664,0.688007258,0.829462029,9.426249528,0
0.391497378,8.16729763,1.721254332,2279,29.08959825,0.034376549,0.426408986,0.652999989,11.83331334,0
-0.09091787,2.852786025,4.266934588,9696,9.919353865,0.100813018,0.010719946,0.103537173,24.10401997,1
0.25511616,2.601102254,1.034551963,5351,21.99563949,0.045463557,3.424081954,1.850427506,14.9315524,0
0.168628624,7.82551005,2.947514979,9335,5.963785195,0.167678742,5.85847751,2.4204292,17.9043081,1
0.802316021,5.96393053,3.198769209,2029,22.69092913,0.044070474,0.407432456,0.63830436,11.56462635,0
-0.909107239,7.507219171,3.37703615,1113,38.74060925,0.025812707,2.860540545,1.69131326,9.801505797,0
-0.438073621,5.478618709,5.17280324,326,18.44723495,0.054208666,3.536472758,1.880551185,5.018634486,0
0.900822968,3.971216266,3.331348608,7421,6.36486044,0.157112636,4.563439776,2.13622091,18.2598087,1
0.780527568,8.552818541,3.692161736,1928,6.083452682,0.164380337,1.241686938,1.114310073,4.319180637,0
-0.088686494,8.395327032,2.425264785,8009,18.5795366,0.053822656,0.683985524,0.827034174,15.43603592,0
0.240265196,7.557571767,3.23951075,5688,10.60087278,0.094331856,0.775647148,0.880708322,13.08834233,0
-0.445237634,4.177161098,2.363617764,2123,5.817323371,0.171900363,3.277154227,1.810291199,4.123004662,0
-0.623757681,6.721845335,1.439175543,5066,31.46747649,0.031778843,4.244715438,2.06027072,15.0819687,0
-0.07260319,4.887791176,4.62069156,5991,21.04830531,0.047509763,0.287160432,0.535873523,20.83725889,1
-0.293295544,2.732656587,5.009276791,1180,15.12356702,0.066121967,0.980611738,0.99025842,6.064080493,0
0.167312224,9.338508604,4.716942076,5136,36.50291141,0.027395075,5.128668937,2.264656472,17.61874447,1
-0.844530726,3.094549047,3.780964263,2663,9.064863607,0.110316056,4.145558433,2.036064447,3.859804554,0
0.948789615,9.601898831,3.278714681,3392,38.45715901,0.026002961,6.069621417,2.463660167,15.0551766,0
0.972421489,5.568046184,6.180001897,3686,15.98883511,0.062543643,3.648848083,1.910195823,16.58710973,0
